id,article_id,sentiment_label,sentiment_score,market_signal,analysis_timestamp
2f8725a6-ae84-4d88-b2f0-f4d294288b47,59638792-e34e-4c08-8e68-f6c423f908c8,positive,1,Up,2025-08-18T13:33:01.780241
8fd433ca-d170-4654-b8c3-0360ac8dee36,beda37f0-4b00-4a2f-9990-99ae6ef08502,positive,0.9999842643737793,Up,2025-08-18T13:33:01.780241
11ee5047-9dfa-4504-8de4-998456922903,beb0825a-394e-4aea-b068-2927fea9a82b,positive,0.9999980926513672,Up,2025-08-18T13:33:01.780241
1344dcf8-e723-4825-a8e7-3a3fb23eada4,b9869aaf-3061-4d65-b6ad-602866d8cd2a,positive,0.9999886751174927,Up,2025-08-18T13:33:01.780241
3e855233-2107-489e-ab93-e5d07103a202,76b433be-dbf4-4f19-8bff-0e07e9fdc949,positive,0.9999996423721313,Up,2025-08-18T13:33:01.780241
6cdbdaad-c65d-48ea-97db-ca57ca32164f,fafd73d6-612f-41e1-ba7a-d77dce21f30e,positive,1,Up,2025-08-18T13:33:01.780241
26821775-9302-46a0-9b50-0aa04aab3a9b,e4c6cd4f-256b-42f8-b7cc-d91e6952ee10,positive,0.9999808073043823,Up,2025-08-18T13:33:01.780241
597d3518-aebd-4e1c-a807-811f454c4f32,d73f20b4-7388-4178-acfd-ea97a60469a1,neutral,0.6153416037559509,Flat,2025-08-18T13:33:01.780241
a7aec916-430d-492d-8fd9-5e93a7f77a2f,44e094c1-cb08-4fd7-bb25-20455a8a0561,positive,0.9998844861984253,Up,2025-08-18T13:33:01.780241
29cb70d5-f594-4baf-8e27-05e7e79f87de,23e48829-84e8-48b4-9787-b0a8dbd13689,positive,0.9999974966049194,Up,2025-08-18T13:33:01.780241
c1859609-97ae-4ba3-a34d-3ba91ae1d613,165a6ab9-8512-4ef3-9b27-2d05bb66139a,positive,0.9997889399528503,Up,2025-08-18T13:33:01.780241
956aad1c-7553-46c8-867c-d8a25946315d,122a0966-033f-47b4-8d48-e9a93288bfa8,neutral,0.6083309054374695,Flat,2025-08-18T13:33:01.780241
9d2ef3e9-a8eb-4d8c-80de-b63b0bbee3c9,22ea719e-d4fe-4ebc-bc56-d20eb1c36e8e,positive,0.9999978542327881,Up,2025-08-18T13:33:01.780241
16ff5365-c118-4a30-bab3-13eb91cf04a0,71aa1ae7-758b-4302-a3a0-4500d8a1a8b4,positive,1,Up,2025-08-18T13:33:01.780241
6972945a-6ade-4815-a207-89a84136ae6c,5873de3a-5919-414a-a95c-c8bbb4eb694b,positive,0.9999059438705444,Up,2025-08-18T13:33:01.780241
e32815ac-c082-455c-9884-47429695c6c8,2c5c2d29-c287-46fe-9af3-7d0ff25a1308,positive,0.9999983310699463,Up,2025-08-18T13:33:01.780241
94b28d34-7bc4-437b-b2fc-9581ce25746d,5e49656a-64f5-437b-9f3c-33bed7593043,neutral,0.9804579615592957,Flat,2025-08-18T13:33:01.780241
b46017a4-154e-43e4-978b-9cc4d0fa890f,3594c43c-a6d7-4118-91e0-4d2458f945a2,positive,0.9999042749404907,Up,2025-08-18T13:33:01.780241
b242283c-772e-4378-9f6f-335888ab54e3,b36e6f04-1647-4cf7-a76a-7c7fddcd7ce3,neutral,0.9996920824050903,Flat,2025-08-18T13:33:01.780241
2c6b9e40-292a-45a0-bd6b-09f61972ad96,4bef80fe-2003-4070-bb11-e30b44903f4e,positive,0.999998927116394,Up,2025-08-18T13:33:01.780241
e1e386b6-e04b-4a50-9cbb-b5afe6717445,fa0cb0f0-ee43-4e0f-adc8-d3ceee623f99,positive,0.9999985694885254,Up,2025-08-18T13:33:01.780241
b28b960a-aa5f-4941-aeff-4ce4501155de,7b012dd0-7b9d-46d4-8fb3-fad9404777e1,positive,0.9999994039535522,Up,2025-08-18T13:33:01.780241
aabb3e55-b55e-436c-b84e-9d2533b218ff,1b02dc2c-33d1-4a69-be55-a335e96a23ef,positive,0.9999980926513672,Up,2025-08-18T13:33:01.780241
7df9fee9-2207-4870-a24a-c13af3eb1e25,498ccb8c-9928-4661-9f46-acd4fc04371d,positive,1,Up,2025-08-18T13:33:01.780241
4bc956c6-5e44-410b-8b16-34e51c239886,bff3d8bb-7e04-478a-9b7b-cf8b3df3c37f,positive,0.9999996423721313,Up,2025-08-18T13:33:01.780241
2aefdddf-079a-4b8d-a78c-c0c3484dc450,2bbda5d2-8a02-4bef-9e0a-717b99f18a57,positive,0.999988317489624,Up,2025-08-18T13:33:01.780241
4b3a4dc6-5da1-4145-9a8a-dd7b0d2db891,a3bb37d1-63e5-4dd2-a484-d97cd71bb505,neutral,0.9642632603645325,Flat,2025-08-18T13:33:01.780241
f4433e20-137e-4a7f-b56c-a214abc52b24,c953be45-2300-4c82-bd0e-7a3260a393ca,negative,0.9999490976333618,Down,2025-08-18T13:33:01.780241
05b7c4ff-ef34-4077-81a6-51264bc6abe0,583f2e12-033c-4d7b-923a-6d5a3c4d4bfc,neutral,0.6578890085220337,Flat,2025-08-18T13:33:01.780241
0d8094d5-70c9-44a3-a867-e4b41fb6ef8a,5c4931e4-fab4-436b-b98e-97beba0de848,neutral,0.9997811913490295,Flat,2025-08-18T13:33:01.780241
2a8966f1-6739-4b46-ba2f-650ffb0612fb,68aabdea-b931-44af-b9e8-5576f566b8ab,positive,1,Up,2025-08-18T13:33:01.780241
6958060b-95be-4175-b494-8c4f873a38a0,26a67bb4-6d85-432e-b7e7-32965306b2c8,negative,0.9998014569282532,Down,2025-08-18T13:33:01.780241
0b8b0749-1bc2-4158-9d71-284ef2802747,c4a566ec-badd-408a-bb8e-bee9c025cc74,negative,0.9838743209838867,Down,2025-08-18T13:33:01.780241
a38c1627-c399-4dda-9519-8b0cf7f58334,97303c69-e9b6-480d-8506-307ab527b9e5,neutral,0.7088260054588318,Flat,2025-08-18T13:33:01.780241
fa60d8f0-fc25-492b-81b8-acbab9328bfc,99bc5028-776e-434d-89ad-cd9e58851d8b,positive,0.9999991655349731,Up,2025-08-18T13:33:01.780241
9a50488f-e9e0-4cd6-a844-0121396200b0,6b8bb14e-a6be-46bb-8f24-ceeac2c4d486,positive,1,Up,2025-08-18T13:33:01.780241
9b7af26f-6856-4963-9078-89dc109fd042,e1b03662-5822-4e65-a0e8-15f6bba97036,positive,1,Up,2025-08-18T13:33:01.780241
2f69f95a-4b56-4d7d-8bfc-c81f92441544,c2c0973b-082f-4cff-99dd-cbe518354b03,neutral,0.5440840125083923,Flat,2025-08-18T13:33:01.780241
5f912307-2749-4a27-996d-5cd99c89276e,fe5bb622-fd1a-40ad-84e0-f76f1e1b2cfd,positive,1,Up,2025-08-18T13:33:01.780241
656fe023-cbf8-46ce-a11b-9042020a9685,d50ef80e-a096-4bfa-ac31-98c2d4aebfbf,positive,0.9981397390365601,Up,2025-08-18T13:33:01.780241
9be253b2-d0d1-422d-81bb-3eb96775c7af,b73bb470-b45d-450d-8654-49f78c6f40c1,positive,0.9998223185539246,Up,2025-08-18T13:33:01.780241
28e68240-aa46-453f-9c44-b85f9b98b8cd,803c5842-db20-41b2-869f-17e37de6fc1e,positive,0.9999996423721313,Up,2025-08-18T13:33:01.780241
693ab6e5-235c-4e7a-b9ec-8d347214d64c,6a61b0e6-ad23-4a93-9a8f-3caf4d462dc5,neutral,0.9999997615814209,Flat,2025-08-18T13:33:01.780241
076fb5e3-8e92-45db-a821-0cf648ddc215,727144d2-b182-4ff1-8fac-3da882e90752,neutral,0.9999985694885254,Flat,2025-08-18T13:33:01.780241
41bf0eb6-a87b-469d-9c6c-d92a98ba7345,fe6dc6d5-dda8-47a0-beb4-0e5e287e27c4,positive,1,Up,2025-08-18T13:33:01.780241
da7f88ae-1641-41c5-aabe-ffc8ef5c8173,dbd95e39-d932-4e51-a847-dde0c9d4535e,neutral,0.9998133778572083,Flat,2025-08-18T13:33:01.780241
34ad3d85-78a2-4dec-8cd9-a9b984db4b1a,5decea09-6f6d-42ec-bc37-13b42d84b8c9,positive,1,Up,2025-08-18T13:33:01.780241
9cc20216-9cf9-40c8-a106-a2ce7aa52ae7,014f9df0-6dba-466e-82d4-494634a44e04,positive,1,Up,2025-08-18T13:33:01.780241
a0739c01-3d8b-4e9a-b0eb-d822d6485c45,069feb1b-f521-47e8-a3ce-623256040d02,positive,0.999990701675415,Up,2025-08-18T13:33:01.780241
a27a0752-1ffd-4b7d-8196-3eed20a38bdc,5951482c-ad63-4dc9-96d8-4e905af55127,positive,0.999990701675415,Up,2025-08-18T13:33:01.780241
bab88cae-43c2-4a74-bf91-12f6943cba4c,9cd9abcc-4abe-40d2-92c8-a4c156377285,negative,0.9916836023330688,Down,2025-08-18T13:33:01.780241
47b49d6f-01c3-4bd1-b73c-40c40d22b65e,d56f7db3-4332-4b5e-8deb-0b813e8d13ab,positive,1,Up,2025-08-18T13:33:01.780241
1ee79493-a43a-4af9-af9e-79074cb214a8,6beccff3-4513-448f-b952-302333835c65,neutral,0.984283447265625,Flat,2025-08-18T13:33:01.780241
ce446614-e304-49f9-9658-5e9d5ca98675,c97f2806-627b-42b2-95d3-ec55ad7f6dc4,positive,0.9848516583442688,Up,2025-08-18T13:33:01.780241
28fff72c-fd95-4345-87f2-fa778b58b524,e710b677-b04d-43b6-b7e1-4b8e9e086833,negative,0.8999143242835999,Down,2025-08-18T13:33:01.780241
81f773b4-7e5d-425d-b2b4-5b51f539df44,2eb46591-d6d4-4cbd-9e07-f9066e6daaf2,negative,0.9991783499717712,Down,2025-08-18T13:33:01.780241
ed162da0-9275-4de2-a641-23717a7e1181,3ebb2620-a325-4be7-9480-4d766759b8a9,neutral,0.9831418991088867,Flat,2025-08-18T13:33:01.780241
06c4bd5f-59ff-4f48-94c2-5ac7cde4ac0d,9f7eef93-980f-4a6d-bbb9-501b67d79a59,negative,0.997776210308075,Down,2025-08-18T13:33:01.780241
8df4955b-ce33-452c-87eb-ee551fafa0c9,d603ad9c-a741-436a-abdc-22f0ee20f25c,positive,1,Up,2025-08-18T13:33:01.780241
fe51a8b6-0570-41e1-9eeb-1b0ca7add596,d51c7182-3721-4ff6-b9c6-73fd4e29304b,positive,1,Up,2025-08-18T13:33:01.780241
7bcd90e7-5b0d-4fc3-9439-3d9f32f2e3a8,fd910aea-22ef-48f7-bd86-6f2044fe097f,negative,0.983253002166748,Down,2025-08-18T13:33:01.780241
546a1860-ce17-47e1-ab52-580b3582d7f6,25a82653-d327-4231-bc19-5287ff49a0f4,positive,1,Up,2025-08-18T13:33:01.780241
f756b487-5959-40fd-9c05-cdea239b26be,54c77db7-2d0a-4d81-94bd-e7b50a6a8421,positive,0.9999991655349731,Up,2025-08-18T13:33:01.780241
e5bd354c-e5ee-4bc9-845a-27abf9f6105c,34a01961-0572-4190-b21c-82642732d520,positive,0.9999953508377075,Up,2025-08-18T13:33:01.780241
fb1356be-fb6d-4eec-abe9-193555d50442,d66b4ff8-535c-479f-9285-3e7698f75e35,positive,0.999997615814209,Up,2025-08-18T13:33:01.780241
7e5b81c2-cf48-415f-90bf-43f0af0665e2,7b2fe528-373b-4e75-b047-818cfc538e6f,positive,0.9999998807907104,Up,2025-08-18T13:33:01.780241
f0bb2836-311d-4765-983c-7a71f49e50b9,7cd619ad-451c-49ec-95a6-ae2bb27d35ce,positive,0.9997280240058899,Up,2025-08-18T13:33:01.780241
1fe79f1c-4368-4990-8180-40414047d137,c0371117-a632-4d3b-bba5-ef02b625cf96,positive,0.9999998807907104,Up,2025-08-18T13:33:01.780241
94be48e6-a118-4e24-bb97-c4a4ccb07d81,1f42beb1-087f-4731-9c3d-e1c664ba30f0,negative,0.9999992847442627,Down,2025-08-18T13:33:01.780241
d8776fd8-251a-43f4-a43e-e8c229f54648,520e35cc-6259-472a-97cc-b14fe7e2bf39,negative,0.9999852180480957,Down,2025-08-18T13:33:01.780241
b43cc438-ac18-4668-a854-a489c4b102ab,7a9b44e6-08d1-4115-9fe0-b913c7ab1be9,positive,0.9999624490737915,Up,2025-08-18T13:33:01.780241
997a810f-bb49-4584-a8f3-becc936ce079,46ff4919-ef71-40aa-8a40-2018f9f02e9b,positive,0.9999995231628418,Up,2025-08-18T13:33:01.780241
1962913f-e087-42e2-bd88-0589c008621b,83d2a2dc-b80e-4c3c-b1cc-b2a39ee0b42b,positive,0.9959843158721924,Up,2025-08-18T13:33:01.780241
97e10433-98d4-483a-8fd6-8b6643507bf6,a1ee3a26-0565-4808-b503-a49728f1456b,neutral,0.6895859837532043,Flat,2025-08-18T13:33:01.780241
c7251983-1175-4a4d-9cd1-9d32b93b4be8,493e6eab-9c90-4b7e-89f9-1e8fd8e2612d,neutral,0.9999935626983643,Flat,2025-08-18T13:33:01.780241
be0e05b2-3bda-4a6d-a04a-4a1e21f1438e,7ca17fd0-fd03-40c1-88a4-84d356bb1e3c,negative,0.9999970197677612,Down,2025-08-18T13:33:01.780241
39224a79-6551-4908-b31c-384963a5f0b7,be58c85e-0256-497d-be0a-41d599befe94,positive,0.9997385144233704,Up,2025-08-18T13:33:01.780241
98a6bda9-75a0-463e-9aa7-4fbe3fe84ba1,54500788-24ac-4a2f-b52b-ae3eeb324283,positive,1,Up,2025-08-18T13:33:01.780241
d02087a8-8041-4878-be5b-c57a18f7c9a2,6a7a61fc-8c9c-4f75-9314-92954f7b3b90,neutral,0.9999774694442749,Flat,2025-08-18T13:33:01.780241
9cb101d5-7d53-490b-a24a-bb9584a8e493,bbcfd1e2-e201-48b1-8b85-2ba842362e42,positive,0.999996542930603,Up,2025-08-18T13:33:01.780241
8b2fea3f-947e-4e52-8b57-21598e5709cb,cc75d466-2ea4-4cae-8776-0246b181cb0e,negative,0.9999938011169434,Down,2025-08-18T13:33:01.780241
7a15e673-eb41-4589-a910-5f8c9dec8f7c,b9747f33-282a-41c2-929d-628095e686ae,neutral,0.9998515844345093,Flat,2025-08-18T13:33:01.780241
6b4bb8b2-15b5-47bf-90cc-df2fb77a955f,7612f7b8-dc56-4ed9-84ef-906a4697f724,positive,0.9999946355819702,Up,2025-08-18T13:33:01.780241
07832c72-86aa-429b-a9a5-9a430defb8aa,91ba3f48-32bf-471c-8578-7d1df3938c8b,negative,0.9559370875358582,Down,2025-08-18T13:33:01.780241
68c23cbd-8aeb-40e8-bf15-1deb5798644a,48a5d001-21fc-4e6a-be1a-8c45faec596b,positive,0.9999979734420776,Up,2025-08-18T13:33:01.780241
f1566649-3e0c-4242-9010-ed6208b81911,e359e415-337a-4c15-b486-fa0cd6d9a818,neutral,0.8346320390701294,Flat,2025-08-18T13:33:01.780241
e5aeecf8-3c5b-4770-8b9e-8502b659fed6,d2159efe-2237-4868-b5e3-72dd09a4b114,negative,0.9894408583641052,Down,2025-08-18T13:33:01.780241
15a09728-55c3-4bea-9ae6-aabe906f1f06,15f7450f-478c-49c0-8afa-fe27cb339523,neutral,0.9302694201469421,Flat,2025-08-18T13:33:01.780241
76bd73d9-307e-492c-a46a-d58aae8ce784,1cd6e1b1-9dfa-48af-bb12-c06362720ee0,positive,0.9999970197677612,Up,2025-08-18T13:33:01.780241
e58ea964-cc74-4a9d-8f42-cdcd1e08afe2,a13bedd5-4b8b-4307-95da-6799a8df929e,negative,0.9851952791213989,Down,2025-08-18T13:33:01.780241
fe65f942-1d19-4669-9a98-c43c3928a49c,4d206282-3227-4f8d-8d7a-b1dfbc0b7d94,negative,0.9995755553245544,Down,2025-08-18T13:33:01.780241
a4087aee-0556-46a7-9f36-42640a4d2bb0,66f89243-e541-4db3-b79a-7f55b6273296,positive,1,Up,2025-08-18T13:33:01.780241
8f98c849-e314-4745-96a9-5fd46271e994,3d88588d-29d0-42b7-93e0-2ad43365ee72,neutral,0.9999997615814209,Flat,2025-08-18T13:33:01.780241
cb94b5ab-e397-4009-b879-670dc8a3eb12,307a346d-4756-4b86-8f57-917767bd14d8,neutral,0.9999982118606567,Flat,2025-08-18T13:33:01.780241
8ea42193-12c1-465c-a082-4de3c4c5331c,291afb0d-71ce-479f-b418-4d509d0bebd2,positive,0.9999986886978149,Up,2025-08-18T13:33:01.780241
053f9601-c059-4957-8c2d-08127942a386,1ebe0802-408c-4a76-99ff-a780d9e313e1,positive,0.9999881982803345,Up,2025-08-18T13:33:01.780241
08d7fcc7-9fb1-4296-9f4b-a0305240fe2f,0e0690d4-e597-4271-9b54-295f320f8f7f,positive,0.9999887943267822,Up,2025-08-18T13:33:01.780241
c0bd1510-28c2-4bee-9e5e-e48d3c395fcb,83d1081e-d956-40cf-8ecd-27c1e83afa2a,positive,0.999992847442627,Up,2025-08-18T13:33:01.780241
3b447676-c74c-4b41-a13b-2d9a9b978d2a,4e96fcfb-4e3b-4e6b-9fe2-30740082c222,positive,0.9999972581863403,Up,2025-08-18T13:33:01.780241
08d266bf-95da-424f-b422-d650858640d3,8a09a622-43b7-4471-8a13-f3a43c27a35d,positive,0.9482136368751526,Up,2025-08-18T13:33:01.780241
020be501-7eef-44d1-8c22-4f941c3e29f6,34ac9e2f-08d6-4f05-8de6-42d23b15d783,positive,1,Up,2025-08-18T13:33:01.780241
eaa98d28-774a-4d4f-a577-f905b48aefee,ea078207-63c0-45de-9ff9-c94be9afbd95,negative,0.99528968334198,Down,2025-08-18T13:33:01.780241
4c9ce430-9934-4810-b31c-da6936001ffd,9c561209-42be-4621-8c5a-a83b54809b9f,negative,0.9999995231628418,Down,2025-08-18T13:33:01.780241
0a95ee3e-5cf0-415b-a9ce-dcf285c84a5b,08b4ba0b-3f9b-484b-b101-ab77180aead4,positive,0.6077597141265869,Up,2025-08-18T13:33:01.780241
9b981444-a7cc-4869-9f5f-06cd1b29e35e,4092477e-bcbe-4b45-b0e2-f1f3de76fd23,positive,0.9999874830245972,Up,2025-08-18T13:33:01.780241
c1b7faa1-5038-4510-a883-ce039b0070e2,bda7b0c9-16d7-4dde-ae7d-e06a6b497695,positive,0.9999874830245972,Up,2025-08-18T13:33:01.780241
fd7373b8-c2d3-4649-8b43-92f81d0c6623,8497a058-d8c1-4f9c-8ffa-e1b83bad0535,negative,0.9491295218467712,Down,2025-08-18T13:33:01.780241
9c50a4c0-f02e-4d35-bb4f-a4038978d69d,eb3f8b25-20ff-4b53-9b29-145fb1c807f2,neutral,0.999743640422821,Flat,2025-08-18T13:33:01.780241
39d2e9d0-ed94-4618-a5f0-79113b158443,34701df2-acfc-4ea3-b013-d5925dba8260,positive,0.9996472597122192,Up,2025-08-18T13:33:01.780241
fca06385-d937-4863-8647-5356e78c255a,dcc8165e-af6a-43a2-9a5f-0c9ac40bd06b,positive,0.9998917579650879,Up,2025-08-18T13:33:01.780241
45e5a336-e6fa-405a-9f58-9a38d6272141,873a9dc5-9ff6-4d20-8539-222ea0ebd472,positive,0.9974838495254517,Up,2025-08-18T13:33:01.780241
51590f8b-7b12-41a4-9e7b-5e910a6a2a27,3dbe2a62-2db9-4367-ba0e-22814b516731,positive,0.9999996423721313,Up,2025-08-18T13:33:01.780241
6e23183f-a7f0-4410-b86f-2bc920e949ed,8548ff76-fa6c-4dcd-9e6c-81010eb2e2fc,positive,0.9999985694885254,Up,2025-08-18T13:33:01.780241
73c62c56-58e4-4576-a480-e3bc0c02f71f,ec4893ae-2277-4de1-a8f4-521ba61100a2,neutral,0.8653614521026611,Flat,2025-08-18T13:33:01.780241
bd233ffe-a70a-4dee-8dd6-ee4b6adf5cff,f44995fc-9ad4-460e-9d99-f90fe84c6742,positive,0.9965343475341797,Up,2025-08-18T13:33:01.780241
8ed689a2-d241-4f54-911a-79b27f93c3a1,75d0c508-a8f0-4bfc-8a8f-5bbcb931e83d,positive,0.9999974966049194,Up,2025-08-18T13:33:01.780241
db6a6bb6-7200-45ad-a37a-5406a6be6a8a,b5a86907-e6d1-4e7c-85ae-58f1adf71afe,positive,1,Up,2025-08-18T13:33:01.780241
0bd10e07-8965-4200-ad45-6edc8b8d6be7,103d0db4-62bd-4ecd-90aa-a5f761177774,negative,0.9875997304916382,Down,2025-08-18T13:33:01.780241
eb5d9fff-d90c-49e1-87ce-c2d65895161e,4ac4ca88-6f0f-434d-a0cd-74a7726445ab,neutral,0.9771948456764221,Flat,2025-08-18T13:33:01.780241
51fcb571-12fb-4958-afc1-73537f9ee1d7,9e39558d-83fa-424c-a87e-863254a76182,neutral,0.9998986721038818,Flat,2025-08-18T13:33:01.780241
011f5a77-1ec8-400f-acf4-21ee22e50bb8,a6b60533-9441-412a-af54-b92b9d3fda93,negative,0.9634333252906799,Down,2025-08-18T13:33:01.780241
3b59a76d-7e32-442b-bc9a-f78ac21ad141,3b84e38b-e914-4710-8491-7b260ef1b7ba,positive,0.9999947547912598,Up,2025-08-18T13:33:01.780241
1fcd75d8-c582-47a0-bc0a-f7fcb523aec5,444da4e0-5cb7-4840-b5c6-ed9c506aa90f,positive,0.9999954700469971,Up,2025-08-18T13:33:01.780241
df0bd145-6491-4847-b8e8-ae5db8cdb907,69461d5b-e5ac-434a-a249-7c9f2c78b329,positive,1,Up,2025-08-18T13:33:01.780241
fcff4492-9603-4f46-8505-5bc1d2e33372,3b115023-cabe-4a13-bf8a-4f45565bd270,positive,0.9999966621398926,Up,2025-08-18T13:33:01.780241
fde5bc88-1c0b-413b-a6c9-8a934d568a8f,48d4351e-39ef-4f6a-a63b-46185b72bb5f,neutral,0.8233817219734192,Flat,2025-08-18T13:33:01.780241
b2027a90-1ba1-4705-8955-993e3da5b85a,fe84c88e-9bfd-4ec0-8c7b-b92d6cb5a830,neutral,0.9969372749328613,Flat,2025-08-18T13:33:01.780241
ee706d27-fd02-4306-8a3e-e3648b68416a,c59a7ccd-6834-4ff2-a234-9667dd02460b,positive,0.9999887943267822,Up,2025-08-18T13:33:01.780241
93e39c95-d7df-4728-8ad2-5316496cd253,8e33df53-1650-4ab5-be29-fce3e15baaca,neutral,0.9999657869338989,Flat,2025-08-18T13:33:01.780241
0a0ee157-3c67-4534-a351-718936497157,687e9103-3b98-4561-a06c-12d7cbc0887a,positive,0.9999909400939941,Up,2025-08-18T13:33:01.780241
01e929ec-a723-4f2e-b616-b2eed1f8240f,572217b2-b8f4-4dab-85dc-9596cb56946a,positive,0.9999986886978149,Up,2025-08-18T13:33:01.780241
d4416ff4-dc5c-4008-bf61-6f3839eccdd5,8f319a27-677d-4c99-bec7-78db8cb946cf,positive,0.9997313618659973,Up,2025-08-18T13:33:01.780241
852f2593-2580-4709-9a96-e84fa9b16cd2,5168eab9-0cbf-4c06-bc87-b841d0a10b56,negative,0.9999682903289795,Down,2025-08-18T13:33:01.780241
e60a968d-2fbf-41cc-b0ba-3b33f6cebaa5,95f1bfa2-bf55-4a65-93e8-c22277cd765e,negative,0.9999964237213135,Down,2025-08-18T13:33:01.780241
37289a9a-3e99-4aab-9394-254c0d60b17c,dcc42e4a-31a7-4cc3-bd2e-47cb04d02508,negative,0.925146758556366,Down,2025-08-18T13:33:01.780241
5e71bad7-7154-419a-af83-827d9c382e5e,d249edea-38b3-42b0-bf17-772b70c9bb7f,positive,0.8835759162902832,Up,2025-08-18T13:33:01.780241
b101ac2d-22e8-4188-969d-ae06f2f2d88a,16f10796-d62c-4ace-850e-b368d6b6d1d9,neutral,0.9999687671661377,Flat,2025-08-18T13:33:01.780241
b6d9f84c-ec52-48ef-8ca3-55d6064a9aae,2555e10d-0aa8-48bf-a627-a6fda8547946,positive,0.9999994039535522,Up,2025-08-18T13:33:01.780241
7327f181-1a27-4d72-a7f8-be397a609142,2c65c111-dcc9-4a1d-b022-bea56a3ae921,negative,0.5045053958892822,Down,2025-08-18T13:33:01.780241
fe2db345-9913-4aac-8ff2-cfd1d6616802,703e381a-4cbe-43c3-9351-01741c07af3c,positive,0.999998927116394,Up,2025-08-18T13:33:01.780241
7371769b-554b-4502-9143-1976a6e9df44,c55b3102-2a02-443a-90ea-4ccff63c3ccd,positive,0.9989967942237854,Up,2025-08-18T13:33:01.780241
26386e22-1a77-450d-bf81-6ddfc388afe3,cb34b5d1-3834-4f8e-91a0-580bc3634e22,positive,0.9989967942237854,Up,2025-08-18T13:33:01.780241
46deb221-e45b-4dc5-8bd7-0fc3a0829198,23684e24-a5f9-418a-8fe7-eed3c4e90aed,negative,0.9979660511016846,Down,2025-08-18T13:33:01.780241
029d10e9-37e8-48e0-a816-7c3e3f1a8883,f0653b1f-a6be-4908-a1dc-58d9dbe6b90f,neutral,0.9999229907989502,Flat,2025-08-18T13:33:01.780241
6f7f6349-614a-450d-8119-92d4b9823422,14bb5162-aeb0-425a-ab1d-3d64c85f7655,positive,0.9984405636787415,Up,2025-08-18T13:33:01.780241
faf409d7-46cb-4e43-b927-bb5965421e03,d1cf7baa-95ee-425b-80bd-6e57efa99923,positive,0.9801937341690063,Up,2025-08-18T13:33:01.780241
6bea4f52-bcdf-4236-9cd9-22784ea43e63,ff1598c1-44c7-4523-a3af-80b7fc98ffb9,neutral,0.9902337789535522,Flat,2025-08-18T13:33:01.780241
76670425-5f8c-4afb-b42d-0eea59de9927,55441fea-effc-4b7d-9b7b-484978f70b79,positive,0.9994171857833862,Up,2025-08-18T13:33:01.780241
5e4877a2-95bd-43ef-838a-90e3da36999c,456f42a5-3928-48ca-8fc1-7c41249534b1,positive,0.9999998807907104,Up,2025-08-18T13:33:01.780241
6fe21163-b0d9-43af-a8c8-78fc9899067a,061d4807-89a9-4121-8b94-39a7e9f00136,positive,0.9996745586395264,Up,2025-08-18T13:33:01.780241
f4d9b350-18e1-4d57-832e-24bcadb3ebd2,90f507c5-4389-4257-afb0-93cadbe44c0f,positive,0.9999985694885254,Up,2025-08-18T13:33:01.780241
210059e7-576b-4e54-a28e-163378d5bed1,d9ac50d8-ae1b-43fb-b9bd-e30a54a25535,positive,0.999998927116394,Up,2025-08-18T13:33:01.780241
10f5f556-c6dd-49df-aa40-b00ff33eac53,b687f515-51e8-4b96-a1d9-40ab77b9aa6f,neutral,0.9994219541549683,Flat,2025-08-18T13:33:01.780241
24fe179e-3d60-4b69-ba1c-16b0b862cae9,ede20d7d-d7ff-403b-aa1a-28906bddd968,negative,0.9613698720932007,Down,2025-08-18T13:33:01.780241
edfac234-a6a3-41f8-820a-b100cc3d3070,34c26aff-7b99-4e4e-93f8-e2607405afad,positive,0.9999998807907104,Up,2025-08-18T13:33:01.780241
0b157267-15ec-431b-ae53-f54f3d85195a,61a1d23b-06f7-4c3e-b338-f45d353f895c,neutral,0.5471475720405579,Flat,2025-08-18T13:33:01.780241
52837668-d010-4e05-9461-58c160c8f3e8,c85662f8-59df-4d43-9ec6-286b7f958908,negative,0.995771586894989,Down,2025-08-18T13:33:01.780241
e6d910e8-2788-4ae7-a948-f46e6bacd57c,462cb0bd-a73a-41fa-bf66-91c50a2a4ec1,neutral,0.9959994554519653,Flat,2025-08-18T13:33:01.780241
fb1ad14d-19d9-481a-a33d-85b221fc70a8,276e5798-c79d-40d4-8428-88f3d08f76b9,positive,0.999994158744812,Up,2025-08-18T13:33:01.780241
93340a20-c862-4713-b80f-a7e1d12cbef3,fe924361-b60c-49fc-baa5-280673dbb327,neutral,0.6011667251586914,Flat,2025-08-18T13:33:01.780241
b4d22151-8b41-4854-817d-a11e1979f268,460405de-44f0-4ba8-b5a2-c93616202e73,positive,0.9999979734420776,Up,2025-08-18T13:33:01.780241
ea59fdd9-fa8b-4745-875a-20e44bcd9d0e,197ff5bd-bd11-448f-861b-432710726b6e,neutral,0.9998859167098999,Flat,2025-08-18T13:33:01.780241
9aa7fef8-a5e6-401e-b88a-2073e4a0bb16,1a514b4d-8ccc-4ce2-adf8-2e497c74cbb2,positive,0.9999992847442627,Up,2025-08-18T13:33:01.780241
586d31e4-6dad-49fa-8e84-aa4d337783ac,3eca923a-bbae-4a48-b56d-b06cc898fd68,neutral,0.9994297623634338,Flat,2025-08-18T13:33:01.780241
9093b1fc-8846-4295-9cf3-cb4f380c5ebf,dcd00f3d-0b14-4c30-8265-614104a864b6,positive,1,Up,2025-08-18T13:33:01.780241
40b2e393-bbea-48db-af1e-10c51642e014,615c6908-3e21-49cc-9019-7760ac40f3a1,positive,0.9999686479568481,Up,2025-08-18T13:33:01.780241
bbedc3b5-92c1-4960-b22e-76e32a786149,02abe96f-e3da-44f2-a337-544b5d768b2f,positive,0.988695502281189,Up,2025-08-18T13:33:01.780241
2830ff20-1e78-4d00-950d-c9eaa32f11a8,80882e28-0ede-43f8-956d-8dba449ea4ca,positive,1,Up,2025-08-18T13:33:01.780241
dab8f2fc-95ef-4c6c-bebb-54c800b4b187,8feac5a2-49d2-4ab5-92bd-589ef853554f,positive,0.9999997615814209,Up,2025-08-18T13:33:01.780241
2fe503df-7113-4da8-bf57-88e22e0a67db,b7d842da-ad0c-45b1-b9c9-ceeb2768d3d6,positive,0.9996153116226196,Up,2025-08-18T13:33:01.780241
b798b096-22d8-4c42-9fe5-d1a82448c04f,1a95442c-739c-4eb4-a7fc-2daa9cf8f57d,neutral,0.9974852800369263,Flat,2025-08-18T13:33:01.780241
1ac17363-b3bb-4341-8e0f-ed8dbd28ed88,50645c8d-58c5-45d6-ba8c-4b19c40b33f1,neutral,0.9965603947639465,Flat,2025-08-18T13:33:01.780241
ca53f63b-7c75-4a67-978a-bebf465b0ade,9c1a3a37-78bd-4ac9-85ec-1a4ef3af2c52,neutral,0.9999911785125732,Flat,2025-08-18T13:33:01.780241
60b7f3d5-1a16-47af-82e2-d66277dd1d3a,88451080-4f73-4681-9621-dd9afae34d50,neutral,0.9997462630271912,Flat,2025-08-18T13:33:01.780241
bdf03509-bbcf-490b-b39b-4560d0f55414,dac0f2c9-87d4-4424-b9b3-8ddfea8b589a,positive,0.8524157404899597,Up,2025-08-18T13:33:01.780241
254d29ae-086b-44c4-9b19-2b724e061464,05416b68-67a4-4c32-a9e7-36bcb126f3f3,positive,1,Up,2025-08-18T13:33:01.780241
0ac9f5ba-3fbf-4f0d-9964-bbdc9a8f0f67,1987a2d4-f7c9-4cb6-a3e9-b353d0b28e27,negative,0.9956806898117065,Down,2025-08-18T13:33:01.780241
7d93208a-6d59-4e46-8427-7c190e13a953,08af6a9c-5e68-4242-8ab9-7de98e6d1889,negative,0.4837006628513336,Down,2025-08-18T13:33:01.780241
23e06f9b-146e-498f-98dc-718916dc7d84,d931a069-b5aa-4e03-b265-472bc26e0633,positive,0.96854567527771,Up,2025-08-18T13:33:01.780241
d767d096-ba6d-48ef-966e-76a5de5e064b,5db3d107-8799-442d-8495-03e22ab1d64d,positive,1,Up,2025-08-18T13:33:01.780241
e7ba4eef-c176-45aa-a2db-f459498a5df6,719ba176-3fd7-4a0d-ad23-0a5e25f2e936,positive,0.9999992847442627,Up,2025-08-18T13:33:01.780241
fd45898d-d6d1-4ccb-a980-9cb15e7f4b32,a8354c14-bfab-4af2-baed-7908ae79c731,positive,1,Up,2025-08-18T13:33:01.780241
1b177d8c-c716-444c-a05c-da6c43ca373b,393eb124-30ab-4dfb-83fc-5cb91f091f15,negative,0.9924551248550415,Down,2025-08-18T13:33:01.780241
88223d37-7031-4690-a025-b7ed8887f6cd,aa55acbc-2203-489e-9a76-5b26dcbafcc7,positive,0.9999991655349731,Up,2025-08-18T13:33:01.780241
cad96ae1-66f7-4752-867c-950c562946fc,30bed63b-917e-4428-be5b-d927c3cc09a0,positive,0.9999997615814209,Up,2025-08-18T13:33:01.780241
3992579e-7ef6-44fa-9abd-3e5c1ee67030,6d3c5f0c-f88e-4000-bd0c-8fa9b9e4ec25,positive,0.9978232383728027,Up,2025-08-18T13:33:01.780241
6dec65a0-896f-44a8-b2b9-bda1831d804d,82100fdf-936e-4e13-8f64-e9649c9a4bb7,negative,0.5553944706916809,Down,2025-08-18T13:33:01.780241
a67ee94f-84c5-4124-926f-4e7482d6d5b0,0068a2af-9359-4cab-962d-4cd0e87409a3,negative,0.5553944706916809,Down,2025-08-18T13:33:01.780241
2cd81e44-3790-4266-8616-d4f4ed0194b2,e1e719ba-71fd-46d4-ab0e-e6d9f657a83f,negative,0.9999988079071045,Down,2025-08-18T13:33:01.780241
e2bc4394-dec9-4942-838e-0f488607f82e,a55372ab-d50d-4333-8830-a062bf4446d8,neutral,0.9999988079071045,Flat,2025-08-18T13:33:01.780241
4f9ebfc2-8d8b-4496-bd38-09259fb88a3b,8e9b9b24-bff8-420d-bb31-7569663ef1fa,positive,0.9998775720596313,Up,2025-08-18T13:33:01.780241
5ded6622-5ce6-4b08-acf8-4af8df0ed294,3fbd0423-f4f0-4d23-9abf-c593a095c4cf,positive,0.9996658563613892,Up,2025-08-18T13:33:01.780241
84d51e0b-6443-4b45-b640-c57dbd855747,03b4b11e-74a0-4320-8a59-396cc153ab4a,neutral,0.9985085129737854,Flat,2025-08-18T13:33:01.780241
5f893234-4167-4532-836c-018d2ccf4f34,feb4d650-a18b-4217-9208-e7a5e592e2a8,neutral,0.9999985694885254,Flat,2025-08-18T13:33:01.780241
505ee662-e751-46eb-8f5a-b210139ace87,4098112a-d525-4597-905b-5d28b19b79c0,positive,0.9996963739395142,Up,2025-08-18T13:33:01.780241
7431ed0d-3312-4271-a4e3-307dfb87f7ec,fced5c74-9d03-42d5-b975-5d367b3cf774,negative,0.9935615062713623,Down,2025-08-18T13:33:01.780241
38e332f5-afba-4016-b090-0dfd6b8bcd75,09c1c7cf-24bd-44c8-8189-665dc13bb3c4,negative,0.5361713171005249,Down,2025-08-18T13:33:01.780241
4a49aa2a-fe1d-4d24-b9cc-1a4062ae21cd,3017302a-3cec-4b51-a17a-b70a174e2265,positive,1,Up,2025-08-18T13:33:01.780241
1946d064-abc9-4d2a-94a8-6cc492a1a850,0026f7e0-f138-468e-96a0-87559262ed94,neutral,0.9977796673774719,Flat,2025-08-18T13:33:01.780241
3a31ffc9-c463-4070-8811-fd9a564c1648,22958c87-e917-41cf-bcf2-396a87bfd7fc,neutral,0.9997584223747253,Flat,2025-08-18T13:33:01.780241
c26cc8a9-6fe1-4be2-8872-26d0ba602c46,7d3a76e7-9a3f-4809-b44e-57e9d88e80e8,positive,0.9999738931655884,Up,2025-08-18T13:33:01.780241
392c1511-a721-4d2a-8662-a27d91b78199,4b8b918a-5d5f-4c44-9b75-355c45d1ee3c,neutral,0.986801028251648,Flat,2025-08-18T13:33:01.780241
1846752f-2a6f-4cad-98a4-468f320aa854,bbd88cd9-0e69-4ac5-bcba-5e4ccc4651f5,negative,0.9914514422416687,Down,2025-08-18T13:33:01.780241
76f3c6a7-45d8-430b-97d8-3a9513c2d671,617aea95-ecfc-4de7-908e-89bf57e676c8,negative,0.9914514422416687,Down,2025-08-18T13:33:01.780241
f5424bad-821b-4127-a0d8-0e757c1fe938,08b5815d-5cc9-430e-bed1-52cc0295e50e,negative,0.9426664710044861,Down,2025-08-18T13:33:01.780241
1c2fb51c-1548-45aa-9b1f-e682b0b52cbe,e86b14bb-5740-4f65-9230-85afa56e36d3,neutral,0.4431118369102478,Flat,2025-08-18T13:33:01.780241
fd810a4b-ae23-44d4-835b-1dd440608dd8,3990e30e-751e-4dec-9801-0359dac0fc84,negative,0.6762459874153137,Down,2025-08-18T13:33:01.780241
4b1ba055-a4ee-4687-8d38-e54be2c9d1e3,92c57c74-4c36-4458-ad53-ed30d3936238,positive,0.5809363722801208,Up,2025-08-18T13:33:01.780241
4d1b9f21-3db9-410b-abb2-b31b7040bc6b,a7b0ec0d-3502-408a-92ea-998b557ec258,negative,0.9956709146499634,Down,2025-08-18T13:33:01.780241
b3ad4bfe-bf9d-4931-a106-dc208602cd7c,5bccee11-f0fb-4139-9655-7c2ce4e36091,negative,0.9956709146499634,Down,2025-08-18T13:33:01.780241
0a5be599-d153-4df0-bd7d-aba62c0d2749,11e9c162-43a5-493a-baa7-6247b4816755,negative,0.9390974044799805,Down,2025-08-18T13:33:01.780241
8a49d01d-53c4-4fd8-be57-0967b3535288,af782f89-f644-447b-9915-da4f429580fe,negative,0.9999932050704956,Down,2025-08-18T13:33:01.780241
d3921969-673a-4d36-b856-2887eb93b700,7cde24c9-a837-499c-b6ff-883b499f0f3a,neutral,0.9960668683052063,Flat,2025-08-18T13:33:01.780241
2f1a0eb7-3a34-47bd-92c6-5741f29644ec,63fc837c-618c-480f-9a82-82d34614fe44,positive,0.9987230896949768,Up,2025-08-18T13:33:01.780241
ce007961-26b6-4c09-91d4-4407ad407663,bf923cd8-88e9-47ac-872b-b985b09e2045,negative,0.9932053089141846,Down,2025-08-18T13:33:01.780241
7ab094b7-5ce7-4f1c-810d-a12b0cf310ec,c02d62d3-756f-49a1-9d02-5d5fa4d50ed2,negative,0.9999971389770508,Down,2025-08-18T13:33:01.780241
0e1ade8e-7691-4096-bd56-a257d2f30c9d,975a1a5a-6831-4f25-8609-6c5f2b8df469,negative,0.9995885491371155,Down,2025-08-18T13:33:01.780241
55c7d1eb-2060-458c-ba2b-a5952525895a,d8c5a8b2-bcbe-4650-b3a2-90146113f190,neutral,0.5166858434677124,Flat,2025-08-18T13:33:01.780241
4c247c54-06b1-44b9-bc60-49308fc1fa3a,951dbd21-e700-4e8d-8c83-180f718ffd3a,positive,1,Up,2025-08-18T13:33:01.780241
80ae3d95-8296-43a4-8755-e359029578db,d8cf4f95-195f-4249-8eac-1a4264dce970,negative,0.8218907117843628,Down,2025-08-18T13:33:01.780241
ac0be194-00df-48f7-8e8a-6f7da9ae14c1,737dd176-c244-42b5-9743-b8522dc2bb70,positive,0.9986679553985596,Up,2025-08-18T13:33:01.780241
9e41db4c-c545-4338-b350-5b459c21dcb3,73243996-6e73-47a4-af70-ca7619e70d98,positive,0.9993146657943726,Up,2025-08-18T13:33:01.780241
34c6ee14-b48c-41ed-8223-e632ec893fe2,5776b9e8-5987-47f1-bcc7-8a6c07cd65a4,positive,1,Up,2025-08-18T13:33:01.780241
0c8c1d94-722c-4dd1-ac0f-e6819e8668c3,b9c63d33-0ee2-4f2c-91f6-fef9676e6bbe,positive,0.9999936819076538,Up,2025-08-18T13:33:01.780241
9a3ffef1-1f40-4db7-a7db-d637f8341637,a70c6ecc-7d58-41cf-a4a1-052ed026456f,negative,0.9143864512443542,Down,2025-08-18T13:33:01.780241
61c9a4b2-39fc-43fb-875e-3f079cd7cd12,ba810ff7-aa90-4e8e-b900-adcf9426167d,positive,0.9956063628196716,Up,2025-08-18T13:33:01.780241
4533eefc-93f0-45b4-bf65-baa2f7bc4676,72ee81cf-756a-4b47-829f-f6ce6db6d40f,neutral,0.9999940395355225,Flat,2025-08-18T13:33:01.780241
c5c8a814-192f-4dae-8db2-07bcd1eacce8,54acca10-ac19-4ed0-826a-556024e69d67,positive,0.9999434947967529,Up,2025-08-18T13:33:01.780241
f78a54c2-991a-4046-8169-b465e708a67f,09cf6966-6717-429a-8318-236edf6bb848,neutral,0.999842643737793,Flat,2025-08-18T13:33:01.780241
6ea71198-0dce-45c9-ac1f-f12cc58fcdb6,d2439d23-866a-4f7b-a2d7-c31ba42b0b2c,neutral,0.9769918322563171,Flat,2025-08-18T13:33:01.780241
ca51f3f0-ddca-4987-9540-6fd23785ea93,0653f0a4-124e-4947-9a8c-22ee5f48ff6b,negative,0.9996297359466553,Down,2025-08-18T13:33:01.780241
f9ae2356-d4be-46b0-8bda-7839b6410004,9a874190-5388-4fb4-a4bd-bffb52eb9c59,neutral,0.6822832822799683,Flat,2025-08-18T13:33:01.780241
48edd6c2-34bc-47eb-a655-7ed97d989db6,6af41b63-7f58-4f1e-97f6-342028500c8d,neutral,0.9999942779541016,Flat,2025-08-18T13:33:01.780241
b9a1c98c-0cbb-4df0-aed8-5539d029f384,f6dbc68d-cf99-4f07-975c-8899d2f4aa3e,negative,0.8234122395515442,Down,2025-08-18T13:33:01.780241
ecb1d14c-1477-463d-b4db-56c5f1d5cd87,e93a9404-9984-46ec-a04c-e9b251643420,neutral,0.6417121887207031,Flat,2025-08-18T13:33:01.780241
ba786c1b-5251-462f-b2c9-86cd6a8c21dc,60e3ca3b-8a93-4abd-a284-f2e504910908,positive,1,Up,2025-08-18T13:33:01.780241
2d9ae065-9226-4dd1-9fb0-515387d7df9e,57aa80ca-9a83-470d-8378-dfb64c1e3acc,neutral,0.7687203884124756,Flat,2025-08-18T13:33:01.780241
146a1acd-08ef-48b2-bc99-3773861d1095,22211d46-26ac-4d8a-8cab-12649ea608e1,neutral,0.7687203884124756,Flat,2025-08-18T13:33:01.780241
6ecacc7b-9453-4f61-b630-d245b8eaea31,5ecd1c4f-4d7f-42f8-ab92-de3730815b11,negative,0.9996490478515625,Down,2025-08-18T13:33:01.780241
1a409b25-304c-4470-acb9-429f5d6315ba,79f0deb0-60ec-4984-a029-08d294ef8bc2,positive,0.6048792600631714,Up,2025-08-18T13:33:01.780241
27ebe980-6412-4f1b-bb74-f998d301c4f5,ab4b8170-335a-4171-a731-9280db58d252,negative,0.9999988079071045,Down,2025-08-18T13:33:01.780241
63c90f26-c12f-4fcb-9558-76f7c8e0c02b,cc6e7fee-dcd8-48d4-ad4e-c15320fd7d31,positive,0.9995399713516235,Up,2025-08-18T13:33:01.780241
a24dc965-2040-486f-be50-eb8a500c8202,1336a42a-fdf4-4841-a94e-44d211a67cc2,positive,0.9958590865135193,Up,2025-08-18T13:33:01.780241
b882d07f-0cca-41cf-b855-87e81d023acb,4ae71651-8373-434f-8bbc-5d56a7a7f2bb,positive,0.3835095763206482,Up,2025-08-18T13:33:01.780241
06a92582-5f69-4a70-ae18-8769217087bb,ff34f89e-f51e-4693-b842-15db5925b3f6,neutral,0.9991461038589478,Flat,2025-08-18T13:33:01.780241
35c6b412-ae76-4af8-94a8-c4f255573833,54fc0589-aa29-4629-b99c-bcc5d20c2180,positive,0.9974668025970459,Up,2025-08-18T13:33:01.780241
3ae26a35-d4f9-4362-81a4-7a500b2e8428,ca997258-29f4-48bd-a01f-0dfe41c48cc9,positive,0.9999145269393921,Up,2025-08-18T13:33:01.780241
b786f698-c1c1-4148-bac2-ef18b14920c7,cd80eccc-8eb6-48b1-82c9-5945172d0768,neutral,0.9995793700218201,Flat,2025-08-18T13:33:01.780241
d83dcb48-6c18-4998-9b5d-9412ffdfeb8a,9b4f98d5-d57a-436c-9e62-4117be6062cf,neutral,0.9996819496154785,Flat,2025-08-18T13:33:01.780241
0f18a5ad-013d-4a47-aa3b-3a3c28b28ac1,0cc03d3f-6290-4b47-a7a2-29ed0b22fb0c,neutral,0.999983549118042,Flat,2025-08-18T13:33:01.780241
923c11a4-be7d-4110-93b6-6b79bcd9b4a7,9174cebf-a720-4a3c-9b11-32b1534c75c6,positive,1,Up,2025-08-18T13:33:01.780241
8d1727e2-ece0-4e40-a3b3-c69caca010c1,1167389f-fad9-4d6f-bbcc-432cd28fec2c,neutral,0.9988840222358704,Flat,2025-08-18T13:33:01.780241
0548fedb-2573-454f-9cca-2073b6a0e4bd,1834caba-b7f6-48b3-80fc-c1ce7c8bbf3b,positive,1,Up,2025-08-18T13:33:01.780241
67a37f97-819d-481c-891e-042a4f69c24d,8dd5e410-62ff-4a62-98b3-bea58ba5b1cb,positive,1,Up,2025-08-18T13:33:01.780241
38917c33-08f1-49cf-b8e5-5e2d79b17b6a,a2dda353-83e3-498f-8f66-244f4a7231ee,neutral,0.939910888671875,Flat,2025-08-18T13:33:01.780241
e7d71520-c346-4f9e-91ce-e6ca2001042c,c4833dd2-c5e5-4e17-9dab-866d43136d25,positive,0.9909446239471436,Up,2025-08-18T13:33:01.780241
082b50d6-e8c9-4df9-b5f3-2eef8709d3b7,01522746-b374-4239-845e-07917b33de18,positive,0.9969366788864136,Up,2025-08-18T13:33:01.780241
4e6d0daa-abd8-4e13-9127-a36e3df01ab9,e8744109-dd22-4aa5-9a95-18c3898aa43f,neutral,0.9999969005584717,Flat,2025-08-18T13:33:01.780241
af59039b-d83b-4d81-a7d8-fc5c934ba469,d8ef627f-ecf1-4e4a-a40c-2c01f2b82ed4,neutral,0.9996951818466187,Flat,2025-08-18T13:33:01.780241
b70082cf-b4ff-42b8-8bc5-efdec300b679,1a2c219b-60f6-4d3c-b217-c7bf46c0aeb0,neutral,0.999977707862854,Flat,2025-08-18T13:33:01.780241
24e6604a-5990-46e5-b46a-6ae599c7eaf6,d11b9769-5d7a-4b8f-90ba-a305b7801e0e,positive,0.9999995231628418,Up,2025-08-18T13:33:01.780241
eb49f1da-1aee-416f-855b-319c7a0e6880,2773e7d3-10ff-48e3-a575-750c3d2e6b02,neutral,0.9999809265136719,Flat,2025-08-18T13:33:01.780241
50e734ed-7205-48e5-90bc-53b92af1b123,f35fd8bf-ca18-4d7f-aed1-03691a6e434c,positive,0.9999896287918091,Up,2025-08-18T13:33:01.780241
c24c4997-e6e9-4030-9381-0ab875f3c4a0,00997d70-04a2-41fb-bd48-c55eeb1188c7,positive,0.9999737739562988,Up,2025-08-18T13:33:01.780241
3123d12f-c588-4c59-b60e-1d68b497f6bf,d7c4eec8-1d6b-484e-9c50-51a8a09e9d56,positive,0.9999985694885254,Up,2025-08-18T13:33:01.780241
88ddeee2-a27d-47c1-ba5c-d5bf62e1d729,9720dafe-85e5-4964-b35a-fee89f1cf213,neutral,0.9999417066574097,Flat,2025-08-18T13:33:01.780241
1f8452d8-a995-4399-a06e-09ddbba80e37,05463c9c-9f37-44cb-aa58-06965a358ba3,positive,0.9999991655349731,Up,2025-08-18T13:33:01.780241
248d85ef-8db7-4dd6-ba49-94494b76beab,ee3d91c9-9dad-4fcf-9381-2a8fe5bede97,neutral,0.9967184662818909,Flat,2025-08-18T13:33:01.780241
108826f5-dc5a-4620-95ea-bf3dc57212d4,c1951362-0063-4aa7-9dfe-cb4ae802b434,positive,1,Up,2025-08-18T13:33:01.780241
6825c4d2-bd82-4346-9f38-3114930fe080,7d298ba6-3292-48f2-b9d9-0d2339ef6edd,neutral,0.9762101769447327,Flat,2025-08-18T13:33:01.780241
38d3811f-be43-4302-920e-735f938f654f,21240d36-ddf4-477c-9ef8-e0442e57af23,neutral,0.9990811347961426,Flat,2025-08-18T13:33:01.780241
7f50dbbd-6587-4f44-b85a-1a73a74a2857,3b6b4d1b-cce3-460c-8a77-8b074a3714d8,negative,0.9989455342292786,Down,2025-08-18T13:33:01.780241
07e90874-a525-4709-9bf8-6ab6a39a25f3,46d555d8-e8d8-4f2f-8657-1a8d53594ea4,neutral,0.943759560585022,Flat,2025-08-18T13:33:01.780241
0c6c1399-870e-4dc0-9ea4-9ac6906c1df6,13b56ca1-84c4-4a8a-9056-3c6fcbf5cf39,positive,0.6863692998886108,Up,2025-08-18T13:33:01.780241
c63e8118-b6f0-4f32-8877-901545266cbe,81976dca-9f50-43cc-bc99-ddbba76a68ab,neutral,0.8566859364509583,Flat,2025-08-18T13:33:01.780241
fb8c1ac5-edc3-41d6-b6d0-2ff44bc6bd1c,b16e1417-5e54-44eb-a807-ba0bb1ce8443,positive,0.9954623579978943,Up,2025-08-18T13:33:01.780241
0430012b-8335-4f97-9d1e-f84967c52d05,c91b19b1-91da-4f91-85d5-c9022659a02d,positive,0.9999525547027588,Up,2025-08-18T13:33:01.780241
f0538370-a74e-4ea7-8c34-e411b1ad51dd,24ebb727-90c1-49ae-84f6-36cdc533a3ce,positive,0.9999911785125732,Up,2025-08-18T13:33:01.780241
43650336-165b-4bfb-a4c4-6e4d9ff678f9,5ead7f82-bf53-45ad-a9a0-ade7b66d3b0c,positive,0.9999978542327881,Up,2025-08-18T13:33:01.780241
62925e12-4b68-4089-87f2-ce4c7dc9e912,9ccb1474-13d9-4de3-9363-7006965d5a81,neutral,0.9999488592147827,Flat,2025-08-18T13:33:01.780241
02091653-ffd5-488a-8514-82693fa1afac,552524bd-76d8-440c-8128-38ef05bd54d7,positive,0.9999340772628784,Up,2025-08-18T13:33:01.780241
6383aa97-6083-4eaa-bb1b-d029f02f0cdd,7e5b2c76-267e-41d3-bfc2-491648dd7c64,positive,1,Up,2025-08-18T13:33:01.780241
d1cce7d0-421d-43fd-bcf2-de427b94d837,87187f0c-8dc2-4674-9844-135b0c8e4bce,positive,1,Up,2025-08-18T13:33:01.780241
e1a2455b-d1f1-4d5c-acd7-baef6db06d5e,366e56cb-e17e-4733-ba58-9369c8df7420,positive,1,Up,2025-08-18T13:33:01.780241
39a6716c-d295-4933-a1da-6491202dc259,b9b8c9ec-3574-4c68-936f-26199bb93451,positive,0.7628015279769897,Up,2025-08-18T13:33:01.780241
ab205ba0-960c-4423-9c81-050265b07a92,09eeafd5-683c-4364-9407-b351ddfbaa59,negative,0.9988127946853638,Down,2025-08-18T13:33:01.780241
7355dc04-d61a-4b4f-b223-517a31bd0a97,d5fda1ae-bffd-4e89-b184-6b0f87f0cd7a,positive,0.9938673377037048,Up,2025-08-18T13:33:01.780241
b97ba53b-77b3-4c35-b517-528cc118949c,a11306a6-b737-403d-ae38-67e8894616ee,positive,1,Up,2025-08-18T13:33:01.780241
38bcd32f-b311-4f88-9ef1-61eb0ec90017,fb594f9b-e4ec-4b9c-b89f-c24b30af6222,positive,0.9999408721923828,Up,2025-08-18T13:33:01.780241
c81a2dd5-c11b-4d1f-a2d8-7264c94580ff,bf908304-571e-4014-a042-97248e620244,negative,0.9986652135848999,Down,2025-08-18T13:33:01.780241
dbe9957a-16ed-43fc-b85c-ce3cceda4800,f3bb6675-66ae-4022-8cdd-0b96c34455f0,negative,0.9999854564666748,Down,2025-08-18T13:33:01.780241
0090d50e-6d1a-4dff-ab09-7c7a5c80f129,2b918293-0151-429a-950b-55f862a8a943,neutral,0.934093713760376,Flat,2025-08-18T13:33:01.780241
19efea01-ae2a-46cb-a2ea-1b0cb1f35a3f,3ffa1eb8-b696-482d-a62e-0bbf226b8817,positive,0.9959002137184143,Up,2025-08-18T13:33:01.780241
1d7d8640-ddb8-4a54-a8d5-c955f8ef3562,45751471-6242-4e17-8ab9-9b04f331004e,neutral,0.913554847240448,Flat,2025-08-18T13:33:01.780241
7fd79c95-ac4b-4de0-9f4b-453804a1727e,5c4ef16a-644b-4de4-bcb7-8a9a3bfd4dd6,neutral,0.9907718896865845,Flat,2025-08-18T13:33:01.780241
49e01a3b-98e7-4d2a-8e6e-8b7fcd7929e0,9e57967b-7667-4275-942d-1a2aed5a3696,negative,0.9999661445617676,Down,2025-08-18T13:33:01.780241
0957cad6-326a-4cca-bad2-fdfb5fac5870,73e6368a-a1e5-4ffe-aba9-e7b28f80c0b3,negative,0.9999995231628418,Down,2025-08-18T13:33:01.780241
a695e78e-c86c-407f-b2cd-630e0c9d166c,44f85ba5-8079-4cd1-bdbd-8fcaa2140437,negative,0.9999332427978516,Down,2025-08-18T13:33:01.780241
33ec6d00-f3bb-4366-8eec-ac992ba9b881,866e1198-605c-4a4f-9336-112150816b18,neutral,0.999872088432312,Flat,2025-08-18T13:33:01.780241
49882dcb-cdff-4b85-8d98-34c3de7e009e,8cbac356-0ba1-4fb8-9bd1-ebf4102156d3,neutral,0.9999823570251465,Flat,2025-08-18T13:33:01.780241
537b5d67-f12c-404a-90ef-db4020933c78,d8e3a069-b8fc-4a82-b09c-032b8b381fea,neutral,0.6502692103385925,Flat,2025-08-18T13:33:01.780241
5039f946-2960-45ba-a236-01e8b88bdeaa,83d471b5-3d4b-49d0-ab22-90f65fb47446,negative,0.9999985694885254,Down,2025-08-18T13:33:01.780241
31689ba7-4368-46b6-b4cf-7f5bde4a1405,93f9a6fd-2867-4001-bff4-663d7c6ee670,positive,0.9999974966049194,Up,2025-08-18T13:33:01.780241
d5829444-f2ad-409e-8091-30f799e3b653,e32f8ba7-4922-4792-831a-e839d272d815,positive,0.9133920669555664,Up,2025-08-18T13:33:01.780241
c8cfeb54-54ff-46ff-9111-dcf12876d1fe,c2564024-add6-4cf5-b30b-f00183e5e102,positive,0.9946830868721008,Up,2025-08-18T13:33:01.780241
1c65e601-b083-428b-a7ac-55316e03af47,20cb34d0-2cc2-4447-9df1-081b37584eaf,neutral,0.9999775886535645,Flat,2025-08-18T13:33:01.780241
983d7118-1a9a-4f73-bd9d-607ebf069352,5e561d6f-31fc-494c-aac2-612b8fe35252,positive,1,Up,2025-08-18T13:33:01.780241
461e6228-6071-4674-baee-815e52229b70,b3ade7c5-d6c0-4b3c-818b-f4d022c704a4,negative,0.9122594594955444,Down,2025-08-18T13:33:01.780241
d1959789-1b97-48ec-855a-39770eaf65c2,92d08d0c-a3c7-4d13-bb31-337666d97769,positive,0.8234105706214905,Up,2025-08-18T13:33:01.780241
b081b1d5-8d8e-4e3d-8af5-1b6e1415d0fa,f5c83634-b574-4014-a2d3-3868e198bd08,positive,0.9994435906410217,Up,2025-08-18T13:33:01.780241
9517a4db-241b-42e7-89f2-c50aa86e3419,6fcab9fb-7e55-4326-9bfa-26e04e85686c,positive,1,Up,2025-08-18T13:33:01.780241
133e7fa6-1fcd-4af5-a2de-2681480de0de,cc0c1931-511d-4948-8785-41c02bb65387,positive,1,Up,2025-08-18T13:33:01.780241
6b8d4d5c-1069-43e7-be03-63ca5f2c4346,8c7e8ec0-bcad-4a97-ac3d-5e5d4cc46f19,positive,1,Up,2025-08-18T13:33:01.780241
2ba1b9c3-5226-4b96-80c8-a8c5c7bb2c16,149aa956-0021-4e02-81d6-edb12a5465a7,negative,0.9994070529937744,Down,2025-08-18T13:33:01.780241
a11afb47-637c-45a7-9fca-4f68cc2bfe63,6949dcc6-d8b0-45bf-9f9d-23126b12ec00,positive,0.9999959468841553,Up,2025-08-18T13:33:01.780241
f508646e-7b64-4fa6-8627-d695968b69df,39209b39-899d-42ba-ace8-de4be4fc4324,neutral,0.860710620880127,Flat,2025-08-18T13:33:01.780241
ba91cbdb-bbdf-4d3c-9463-302ff20ceb62,9d96e3d1-c930-479d-971f-ba18a09bacef,negative,0.9999949932098389,Down,2025-08-18T13:33:01.780241
e0c14be7-2ff0-4ced-80d3-3617abaea863,dc164d2a-f7f9-4eb8-87bb-d1125d0200c5,positive,0.9999892711639404,Up,2025-08-18T13:33:01.780241
2018d313-d06f-4c7c-a7c5-1973ac2bd556,b5d0a7c8-146c-42af-9d12-f01fcd7c5c3b,positive,0.9341346025466919,Up,2025-08-18T13:33:01.780241
6d28dc53-a6be-4ed1-a5bc-4005ae4aa1d1,a82d3691-ea4a-48d9-9dd3-6a8ef07b008d,negative,0.9999990463256836,Down,2025-08-18T13:33:01.780241
864eb7aa-6c5f-4e3d-adbb-65b150ee63a1,fdae2753-50e3-4018-b664-44d31ca0f693,neutral,0.9999446868896484,Flat,2025-08-18T13:33:01.780241
390bee5c-4b14-4c01-bd1e-00a0dd5ba2ac,f7285f29-f8a9-476d-bd49-9af3b09a28be,neutral,0.9897704124450684,Flat,2025-08-18T13:33:01.780241
3a4e34ed-ec93-41eb-bb32-0b6a5d92b1bd,e5dac868-8846-4e13-8c83-7c26716b94bc,negative,0.999800980091095,Down,2025-08-18T13:33:01.780241
1a691b18-b858-4403-aed1-4cb3deffdd33,9961b8d4-1675-4a58-9b9f-0bf4aed0826b,negative,0.9983524084091187,Down,2025-08-18T13:33:01.780241
09e7316c-0e08-453f-8ddd-8d62c6b36efc,adc305f1-d2c7-4b44-846e-365df1f52c7a,positive,0.9999991655349731,Up,2025-08-18T13:33:01.780241
86eb919e-5c5b-426c-82b0-6f41d1a2ab62,60c45d11-751d-4d0f-b7ea-5a968c6f40c8,neutral,0.9999306201934814,Flat,2025-08-18T13:33:01.780241
8917d07f-79d5-431a-b4bd-0e3e602046d3,5bb1e9b9-89e5-47b7-ae06-d04770dcdce0,positive,0.9999997615814209,Up,2025-08-18T13:33:01.780241
10ace437-3e7c-4afd-819e-04b03405079a,4722c00a-d035-450e-8ae3-cd2488614f38,positive,0.7819391489028931,Up,2025-08-18T13:33:01.780241
84a98b72-89d4-4002-a7d2-8d4801828f66,f0834773-c5f4-4cbc-9dbc-a00f4203f561,positive,1,Up,2025-08-18T13:33:01.780241
8e0ed04f-40ad-4dca-afe8-6667c09e8f68,c7f87173-89e0-4792-a70e-b19f7f70b803,positive,0.9999650716781616,Up,2025-08-18T13:33:01.780241
554c025b-3966-4106-814d-56dd25f35fed,25931b46-2d60-47e3-9a90-c97cb9668d13,positive,0.9999600648880005,Up,2025-08-18T13:33:01.780241
ac118ad1-048b-46c6-ac97-5dafed735240,1cecb502-5bd6-4b38-bc7f-43421ea0c59f,positive,0.9999990463256836,Up,2025-08-18T13:33:01.780241
eb85a9a8-f2b1-4b20-bd77-a2d7f7318622,5f56ffe2-caa2-4027-8f78-1e30ab697c29,positive,1,Up,2025-08-18T13:33:01.780241
79d44138-85a4-433b-b0ad-83fe395c68b1,2990a960-d34f-4a8d-8f99-9a7a86d47803,positive,0.9997945427894592,Up,2025-08-18T13:33:01.780241
e2c143ff-9620-43cf-9bbc-0bb7e2811009,9dca437d-88ee-4814-b67d-3d61f6c2e666,neutral,0.7457225918769836,Flat,2025-08-18T13:33:01.780241
dc202647-e38f-4e75-b7d8-b54a9e9dd14e,f16b7734-93f8-4061-ac7d-772ccf10cc22,positive,0.9999978542327881,Up,2025-08-18T13:33:01.780241
d0b88f45-8de1-4d88-9df5-d71277a11213,bd2be263-7333-4e9d-a40b-f765979267d5,negative,0.9999468326568604,Down,2025-08-18T13:33:01.780241
11a132a8-6ebf-488e-9846-a693d0e0e7cf,7f9a2995-0dd4-4eee-b266-52cecdd4ac94,neutral,0.9838146567344666,Flat,2025-08-18T13:33:01.780241
5b70a1d7-e47f-4f0a-abc4-0903f9d25f80,03c5eeef-e3ef-46b3-a497-3a3b7192fdef,neutral,0.9809789657592773,Flat,2025-08-18T13:33:01.780241
8336d242-cb01-4dd6-b0dc-ce4d0104e4d8,c3ffa80f-5f4e-49d6-91f1-b736a75b23f4,neutral,0.9986962676048279,Flat,2025-08-18T13:33:01.780241
effa1854-48c2-456a-b138-368c11b8f09b,c95c2ec0-8516-4535-827a-642bfcd705b7,negative,0.530684769153595,Down,2025-08-18T13:33:01.780241
5a568245-06a8-4ebe-974d-70101a91e1f4,8ed28c7e-b8f5-4f00-8ec4-1eed4e9c14af,positive,1,Up,2025-08-18T13:33:01.780241
e38617f4-d31d-4755-a378-709813b5b7ab,d469b34d-cc55-42f5-98e3-7015d81a01c0,negative,0.9990084767341614,Down,2025-08-18T13:33:01.780241
49ef63ae-06b0-4987-a0a6-9ccc9c2e1413,17fd752b-9b2a-49fc-9937-81bea32a5d43,positive,0.9999896287918091,Up,2025-08-18T13:33:01.780241
9ebd8b18-bdbc-4d6a-8f9b-f815769b522e,1b13f03d-dee2-4f6c-86ee-93f129cd7580,negative,0.9999680519104004,Down,2025-08-18T13:33:01.780241
9fa60797-cc63-4aec-936a-418fb76e5857,819868a3-9ef7-4e5a-9119-1c691e19842e,positive,0.9988247752189636,Up,2025-08-18T13:33:01.780241
97c1d39f-e88c-4c3e-acc0-e0736595fd3f,6c34b745-9753-4835-978a-f687920f7969,negative,0.9999444484710693,Down,2025-08-18T13:33:01.780241
87c434e9-8b65-4500-8ed3-59b1e306f5cc,42115d5a-75f9-4ad1-8ec2-77c481551ba5,negative,0.8030452132225037,Down,2025-08-18T13:33:01.780241
8fbc5e0c-a0ab-48a5-b421-31bb47f224e6,ca5b2010-aa81-46f2-930c-710c250b9af2,positive,1,Up,2025-08-18T13:33:01.780241
c31526f8-2e48-47bb-9143-6a2fd1310545,64db46a4-2260-40e0-899c-2877356fdddc,positive,0.9999998807907104,Up,2025-08-18T13:33:01.780241
73ded585-3c94-46d2-bad8-4f97885fee3a,234bcdfa-3225-44fc-be06-a3a502222f92,positive,0.998977780342102,Up,2025-08-18T13:33:01.780241
e8225c26-573a-47d2-9130-df55465d3706,58596c7e-cdb8-4166-b021-c428f4511240,neutral,0.9731042385101318,Flat,2025-08-18T13:33:01.780241
410cca00-82b1-4b89-bb5f-11e258215fa3,81740fd6-5f8e-4f9c-81a6-f551202e4a2e,neutral,0.9977372884750366,Flat,2025-08-18T13:33:01.780241
dbd62c14-3e43-4617-a6d9-9f100ac93685,54a47d2b-9e13-452f-a50b-0800b5924af6,positive,1,Up,2025-08-18T13:33:01.780241
64770063-122c-4139-ad80-9190e1bd5b37,537cf7fe-65a8-4fa6-a741-d5ecbc51807e,positive,1,Up,2025-08-18T13:33:01.780241
3fa2e873-ee8b-4e5a-b7f9-58b590854768,462b2659-381e-4371-8c4f-11e98ebbaafd,neutral,0.9227488040924072,Flat,2025-08-18T13:33:01.780241
5f57545a-0d8a-4818-b614-a5536487fffd,40ac2e1b-d7b8-410c-9283-1bcd21eb872b,negative,0.9996463060379028,Down,2025-08-18T13:33:01.780241
814a8e23-58d1-4ff0-a812-4c721752969a,3b298c1e-ef60-4a93-a71c-6020a754b1ef,positive,0.9986429810523987,Up,2025-08-18T13:33:01.780241
75baad70-142e-47a6-b2e9-4eedc4e9b2e3,d9afe56f-e9df-4900-b184-4f9faddc622e,positive,1,Up,2025-08-18T13:33:01.780241
3a394f15-9d36-40c1-9464-7e09a7e83f16,3363d060-26e2-4b08-9722-4d563d2e6c4b,positive,1,Up,2025-08-18T13:33:01.780241
81070ab4-4d76-4ba8-984a-b89d97047aae,b368e03c-4523-4f12-b889-7c5fafc0fa3c,positive,0.9929625391960144,Up,2025-08-18T13:33:01.780241
76d212fb-eec0-4f2d-9990-635b9c2e69c4,4ab5371b-8ca2-4ae1-9311-59a24c2ce1ae,positive,0.9999969005584717,Up,2025-08-18T13:33:01.780241
c358c370-ed2e-4929-8eb5-d340168b4f94,ac64ce6c-2d1a-4514-9c6e-2caf68da6544,positive,0.9999985694885254,Up,2025-08-18T13:33:01.780241
316681fa-c78e-4396-9715-bcc71b9fec19,f36dd57f-e1d7-4147-a062-48ed889062f1,negative,0.9999876022338867,Down,2025-08-18T13:33:01.780241
0a97a77d-1499-40dc-87f8-7913a3f8a32e,2b61b4df-2068-4806-8240-37f3ae6ac1dd,positive,1,Up,2025-08-18T13:33:01.780241
ce5a1504-6c45-4bf3-9ad0-9cbb07e173e5,92f1f244-03b1-463b-914e-69c0bdfd908e,positive,0.9999998807907104,Up,2025-08-18T13:33:01.780241
1808494f-b938-4ab2-9ba0-b482b086027b,e3b5799e-5ae5-4164-b0e9-194e60c38f82,positive,0.9999990463256836,Up,2025-08-18T13:33:01.780241
16daed6e-f232-414a-a8ff-0f26c144f6d6,349524c9-a14a-4979-b7a8-0c2204f007b2,positive,0.9999649524688721,Up,2025-08-18T13:33:01.780241
b6f12836-afda-4a99-8ff5-b804a8cd4ac7,2c8cea23-0819-4d86-8a08-bdf0f87dfac0,positive,1,Up,2025-08-18T13:33:01.780241
c141dc9b-a33b-4bc9-b37f-94af76764af7,3c14019a-257f-453d-b174-f37b6494f746,positive,0.9999997615814209,Up,2025-08-18T13:33:01.780241
a7d2cc1f-3107-47bd-806b-8c43b37dd282,2285a4f0-d21c-4fd0-bafb-1747f16ec9f1,positive,0.9999973773956299,Up,2025-08-18T13:33:01.780241
191950ab-c56e-42db-94fa-38d9d3c33c52,597c7e23-8bb8-44cd-8a62-41326d8c8920,positive,0.9999997615814209,Up,2025-08-18T13:33:01.780241
6a868354-0338-4653-8b3f-f4dbed1525cc,719bc512-2b16-45f3-826a-7b088fb92ad0,positive,0.9999836683273315,Up,2025-08-18T13:33:01.780241
34aa06a2-1815-499c-95a8-26b58eea906a,ab3342cb-e097-452c-9a3d-8766e254c618,positive,0.9999997615814209,Up,2025-08-18T13:33:01.780241
d694dc12-848f-40ea-aabf-9ef8e0a11d0c,07f630f9-98ca-4a88-b30a-0e1f3e282aa6,positive,0.9999995231628418,Up,2025-08-18T13:33:01.780241
d9acf4fe-2f12-4189-bec2-cd28bc3e0845,bdae5e40-6ed2-41da-86f4-05482da66ee7,positive,0.6879532933235168,Up,2025-08-18T13:33:01.780241
6e7268ee-d9bb-4f39-87c9-82036f7d5d5d,107c0985-7bd0-4785-9db7-a8aeff62d849,positive,0.9993128776550293,Up,2025-08-18T13:33:01.780241
8afd2728-2492-49f8-bc20-4db10c129aed,9e5f86c4-41b7-4e80-853b-7cb9fb2e8adb,positive,0.9999997615814209,Up,2025-08-18T13:33:01.780241
9670c746-ee3a-463e-8e36-6a32b5f6e8fc,65610c86-e67d-4e3c-b600-30071198b1fe,positive,0.9999485015869141,Up,2025-08-18T13:33:01.780241
02b81f6a-042e-49a6-91ac-8aca9c189b94,d82dd2f2-dc2f-467b-89ea-f8f95903d286,positive,1,Up,2025-08-18T13:33:01.780241
3f129a75-6e89-4990-85e4-7247f2a8b69e,07e483bc-cb4e-4008-b5ec-0a0e4fa7f46c,positive,1,Up,2025-08-18T13:33:01.780241
e1af3805-301d-47e6-b754-cf58ea486293,c062eb83-048a-4a06-9210-cf7214b3e916,negative,0.9999634027481079,Down,2025-08-18T13:33:01.780241
922d0ac5-d580-4f54-84d6-b14e469c94c6,09460cf5-ac45-4bc6-a882-44ae6c7043f9,neutral,0.9999922513961792,Flat,2025-08-18T13:33:01.780241
bb339d90-5461-48f5-b43d-b8a3eaa3378d,bf9c72f8-415b-4724-9554-167e8db6b415,positive,0.9969912767410278,Up,2025-08-18T13:33:01.780241
b893ffae-7e3d-4f37-956c-70cf3653d3fc,3e47e652-1a07-4d8a-935d-0fa8c00cca32,positive,1,Up,2025-08-18T13:33:01.780241
0c34eb9b-77d1-416d-9761-c108472ae0cb,354b18ee-d020-420f-be34-44c3d34177bb,negative,0.999998927116394,Down,2025-08-18T13:33:01.780241
922ed754-60f7-4a07-9849-df061db895f1,c3c7cf5e-88e5-4a5c-a23f-88a3653ad5d0,positive,1,Up,2025-08-18T13:33:01.780241
b3085492-eee6-42ea-a52d-1fd2c68d2f25,9424cb93-a5e3-46f7-982b-fadd50640693,negative,0.9999998807907104,Down,2025-08-18T13:33:01.780241
5bcbddeb-321e-4b4d-8114-88dfa4a3a109,07a6c7e8-3f2c-445d-a748-cf0bad4286cb,neutral,0.9952043294906616,Flat,2025-08-18T13:33:01.780241
de789541-493f-470f-9e67-4a227f1f711e,89e900f5-ea58-45ad-b901-1f149e32a68b,positive,1,Up,2025-08-18T13:33:01.780241
be37ff42-a0d7-44e5-9c92-89c92af83273,bb71a15f-5548-4576-b7e0-d819707f0a65,neutral,0.9999945163726807,Flat,2025-08-18T13:33:01.780241
61208e8a-8ff6-433c-9103-e4f3a6d565ce,80306c31-b07d-4ae4-8643-13f63dd9f649,negative,0.9999654293060303,Down,2025-08-18T13:33:01.780241
9f03ba24-83d5-459c-959e-3d7f9dbcb8b4,33a03221-2973-47cd-9094-275af0187006,neutral,0.9233741760253906,Flat,2025-08-18T13:33:01.780241
d8e6c1a0-461c-411a-aaba-84a3e4b61e91,158957da-578f-4834-8fb1-083f3ae4ee35,neutral,0.521561861038208,Flat,2025-08-18T13:33:01.780241
a9d8b676-ea01-4eec-9506-4c4590512298,f55b7bb7-ddd5-4a4c-a501-bb8fae36b06a,positive,1,Up,2025-08-18T13:33:01.780241
e340839d-d9b5-4fa9-a468-91b29d2ed2c2,b8c27c7f-b58b-4d82-a0fd-cc4fae465e67,positive,1,Up,2025-08-18T13:33:01.780241
104e4fcd-5c56-48c3-8b51-23e80ee14e57,218674a5-4e42-49a1-ab81-0caee16cca57,positive,1,Up,2025-08-18T13:33:01.780241
6a2e35db-e1df-4985-99ce-9be9329a36ff,51ebf666-2ffa-4035-9f4c-dfd713b45912,positive,0.9341768026351929,Up,2025-08-18T13:33:01.780241
dbf9c70e-7abc-4a5e-98b3-4880dbb35f44,ef450dbe-6e84-4e87-896a-b8ff94ac45f3,neutral,0.999988317489624,Flat,2025-08-18T13:33:01.780241
1369ffa2-57ca-4aea-8c66-4f0867bdc8e8,f476933b-c31e-40c4-9c4c-a8d33b1dfc2b,positive,0.9999991655349731,Up,2025-08-18T13:33:01.780241
b35d7c37-df0a-4cb2-b847-2dd7d4548244,faf19ee9-5f55-4aea-9489-4d5ba99ea110,positive,0.9999994039535522,Up,2025-08-18T13:33:01.780241
ae568f9f-7bc8-4661-b5cc-7ff89940e84c,99d9320f-0bd0-425d-8402-21a6304f62ba,neutral,0.9930181503295898,Flat,2025-08-18T13:33:01.780241
139c2680-e118-4860-b160-c7602a55dbcc,7d122368-5c90-4aa1-9c46-c99c7ce440f5,neutral,0.9999665021896362,Flat,2025-08-18T13:33:01.780241
5ac55a4c-cf32-49f1-9183-35da7c184a40,b4bdabed-f50e-4d84-884b-4b900cd71296,neutral,0.9975699782371521,Flat,2025-08-18T13:33:01.780241
d9b5e26f-8387-4501-be4e-ed428b2443b4,646fe3d6-e035-49e7-92de-e6d7d2c95c95,neutral,0.9988025426864624,Flat,2025-08-18T13:33:01.780241
da048258-f850-4c95-9356-0307c8704b84,888ddf94-c650-4894-9ceb-1bd67ef210d5,positive,0.9999294281005859,Up,2025-08-18T13:33:01.780241
84fefe2c-5467-4cba-8b3b-6cc3ac012567,9d6e73c0-a5a1-4f5e-812c-739eec904842,negative,0.9841490387916565,Down,2025-08-18T13:33:01.780241
7874220e-b8ad-409f-adce-946f3bb4f7c7,562b211d-6796-4912-96a1-3fa374eaa6e1,positive,0.9999994039535522,Up,2025-08-18T13:33:01.780241
7a211445-29fa-4374-9ac4-20ab2e26106a,493e7483-91dc-4453-a31f-ffb3912a4066,neutral,0.9164090752601624,Flat,2025-08-18T13:33:01.780241
a232fc27-777a-4a79-8eff-8150060d7cfd,13994fc0-35af-43cc-a1ef-ad4ce6929d12,neutral,0.87937992811203,Flat,2025-08-18T13:33:01.780241
34bffcbe-700c-4827-a15e-2c3572c94cc0,782c4e47-1e32-488d-b3fa-5affdbd58b02,positive,0.9999998807907104,Up,2025-08-18T13:33:01.780241
1916b351-cfa1-4751-8c94-cb334ada5ee7,00bd62ee-6b30-45ec-bc1c-f70fd256412c,positive,0.9999972581863403,Up,2025-08-18T13:33:01.780241
6f3b509a-511f-4e5a-ab0b-6b8b0b53a555,a89cedbb-3915-49d4-b173-b2c00465e163,positive,0.9995077848434448,Up,2025-08-18T13:33:01.780241
3d65a0b6-69e4-4c0f-a2d1-34d1ee20e017,2605366f-c1e6-4ec0-90e1-e1ca3fd3b08c,neutral,0.9983454942703247,Flat,2025-08-18T13:33:01.780241
c3018cdd-9f3f-4a2c-958e-1c237abcf160,bd776821-6b48-47fb-a10c-b865ec75b503,positive,1,Up,2025-08-18T13:33:01.780241
93f47b95-23a7-425e-a6c4-e245bd6d287a,2d29bf58-f01d-42dd-8fff-98894f6cee41,negative,0.9998983144760132,Down,2025-08-18T13:33:01.780241
d23b548e-deb5-477e-a472-c4da93c25fd2,d712d20e-843d-4d28-91c8-c438f2bccd47,negative,0.9999898672103882,Down,2025-08-18T13:33:01.780241
df41c377-7a28-4e32-91b2-99b654db5dc0,fe36dcd9-676b-469a-88cf-47dce86ee0e9,negative,0.9999642372131348,Down,2025-08-18T13:33:01.780241
ba907d18-5c9d-4972-94ef-4f43d8528a88,638a9d9e-54fd-4ff9-ac21-02a72ab788be,neutral,0.9999426603317261,Flat,2025-08-18T13:33:01.780241
7ba90d57-6b3c-4b66-b849-390c8bfb14a1,8f58e8ec-dec4-442a-a912-3f19943f6925,neutral,0.99997878074646,Flat,2025-08-18T13:33:01.780241
3766aadc-7fe7-45ea-88ae-82c457b00c59,fe4596b8-0bae-4fa3-9179-4ed480dc9d23,negative,0.9978753328323364,Down,2025-08-18T13:33:01.780241
1ea266c8-d7ac-40ee-82c6-6f44b4332461,bc606bd1-7db6-4d58-907a-b5060c7d22a7,positive,0.9977598190307617,Up,2025-08-18T13:33:01.780241
30705ee5-ca9a-4166-8932-ee623abdeb7d,11437bb4-b19a-45b2-bde4-27bab91525fe,positive,0.9999991655349731,Up,2025-08-18T13:33:01.780241
dc5b70d3-6f26-45f1-9afd-d2afc571ea2f,ec223ad3-7a88-48b5-9a3f-ad01b8dab076,neutral,0.9999982118606567,Flat,2025-08-18T13:33:01.780241
a036417b-475f-4fd7-82ba-4b9fbe37cf52,8a0497a3-5dc0-47f8-9a74-23c07a9921e5,neutral,0.99998939037323,Flat,2025-08-18T13:33:01.780241
12e3bc0f-f665-4f32-811d-ad2e33612a95,efe857db-384d-403c-9b66-6c69943373d8,neutral,0.999996542930603,Flat,2025-08-18T13:33:01.780241
d60cf90f-c9c1-463e-b20c-f82ad73b071e,78c6e562-98b1-497c-878d-f15ff558e90e,neutral,0.9999576807022095,Flat,2025-08-18T13:33:01.780241
daee5d14-2f97-4634-bc92-8dac8f39776f,eaf916be-2d8a-473f-aa83-2c03b5ff1df4,positive,0.9999996423721313,Up,2025-08-18T13:33:01.780241
318a874a-2190-44ca-9aa8-aec760297fea,a6dd0469-fc60-4f65-a2b3-bca56df5f1b0,neutral,0.9999804496765137,Flat,2025-08-18T13:33:01.780241
19c297cf-49e7-441e-a69c-a68c9f08e19e,bdee63ec-2a0e-4ab9-acb4-7b7c6f66472a,neutral,0.9999713897705078,Flat,2025-08-18T13:33:01.780241
ceeae26d-9f86-4c2d-8cd9-02f7ee965f7c,04890819-f57a-477a-85ad-e932b1134697,neutral,0.999995231628418,Flat,2025-08-18T13:33:01.780241
b257860f-65b2-475e-b322-1d9f8464eec5,2092945b-f2a6-43ed-b1e7-e0024eac5ce5,positive,0.9999992847442627,Up,2025-08-18T13:33:01.780241
dbde914d-eac0-4f0d-a20b-ac2617cf1e3c,e23e2134-390c-4a36-8805-6e6287945bfe,neutral,0.999996542930603,Flat,2025-08-18T13:33:01.780241
d5ec7a25-9e9b-4218-a49b-eb2f184f1c88,83fc3637-9600-417d-8b90-5c5f7d816ad8,positive,0.9999995231628418,Up,2025-08-18T13:33:01.780241
eb75edf5-725f-4896-ac6a-b4e116da1295,d7239ffa-036c-412f-bfb9-95212133982c,neutral,0.9999755620956421,Flat,2025-08-18T13:33:01.780241
2d35e10b-f991-40a3-b7ae-2caa307809e4,701a2e42-4f74-4dd3-b7e4-732371a1e09c,neutral,0.9999977350234985,Flat,2025-08-18T13:33:01.780241
d3309594-9760-4f39-b6a3-571a1394d990,b3dd5c0d-a280-4ea7-b05d-756a044b99d8,positive,0.9999991655349731,Up,2025-08-18T13:33:01.780241
ed98c1ca-2a8c-4939-a036-ee08b18a0b28,23b8b478-33e0-4fa5-9444-eb1a0b706163,positive,0.8813486695289612,Up,2025-08-18T13:33:01.780241
2c994ed5-6e49-41b4-81f4-32af385b3a07,86417fbf-f36a-419d-ae9a-65f21f7074e4,positive,0.9145640134811401,Up,2025-08-18T13:33:01.780241
d1cdbcf2-64fc-484f-a273-65ab548f1b91,f4e06735-2a6d-4dd7-bd69-b9362ff5b54b,positive,0.9999841451644897,Up,2025-08-18T13:33:01.780241
3f3a822a-d6f1-471e-a459-cfe5bf127791,20cc2a3d-20b8-4c4a-8169-591b36649ab8,negative,0.6249331831932068,Down,2025-08-18T13:33:01.780241
d40b5deb-2c08-4017-8de5-352b3a5ef1e8,11bb4810-da5b-4ca3-9c4d-524bb99a085a,positive,1,Up,2025-08-18T13:33:01.780241
5d28a420-2874-4218-a806-6f858b4bd0ee,6188b579-1201-4de5-a55b-f55eac37fb2a,positive,0.9999896287918091,Up,2025-08-18T13:33:01.780241
18bdae57-e9a1-4f1a-b393-682d949dc94e,a554571a-fca7-47c5-aae6-3279139bbe16,neutral,0.9999967813491821,Flat,2025-08-18T13:33:01.780241
772c29f5-b89e-4803-bdc6-f0cbc746d468,ae74c5df-6058-4792-842a-3c7b1d18158c,positive,1,Up,2025-08-18T13:33:01.780241
fc95c130-0984-4414-a0c1-6cbb4ad5bf86,30d46d6f-6d6e-4357-92f8-55624914c27e,positive,0.993237316608429,Up,2025-08-18T13:33:01.780241
fbbde58f-510f-4d92-82af-ebc8ca38d687,f34dc245-bdb7-4345-9983-907570ffa4e1,neutral,0.9999288320541382,Flat,2025-08-18T13:33:01.780241
0097efb9-d31d-4fef-a6c6-fb39fb7eb3a4,36020ddc-36e4-4a95-b7bf-ad74ec7e9e7d,negative,0.9987595081329346,Down,2025-08-18T13:33:01.780241
1d06c9da-0935-4bbc-a206-ebfbac949863,02798353-dd19-4516-8e26-2ce5c8ec904b,positive,0.9999994039535522,Up,2025-08-18T13:33:01.780241
6dac0806-cd6e-41c0-99fd-7cc476aaded1,836a03ce-d082-4633-b534-ea57f5c5257d,positive,0.9999438524246216,Up,2025-08-18T13:33:01.780241
